USE ELR_STYLE_PROJECT;

CREATE TABLE CUSTOMER( 
CUSTOMER_ID INT NOT NULL,
USER_NAME VARCHAR (25),
FIRST_NAME VARCHAR (25) NOT NULL,
LAST_NAME VARCHAR (25) NOT NULL,
PHONE_NUMBER VARCHAR(25),
EMAIL_ADDRESS VARCHAR (50) NOT NULL,
CUST_ACCOUNT BOOLEAN,
CONSTRAINT PK_CUSTOMER_ID PRIMARY KEY(CUSTOMER_ID)
);

INSERT INTO CUSTOMER
(CUSTOMER_ID, USER_NAME, FIRST_NAME, LAST_NAME, PHONE_NUMBER, EMAIL_ADDRESS, CUST_ACCOUNT)
VALUES
(1001, 'katie123', 'Katie', 'Phillips', 07506755633, 'katie123@gmail.com', TRUE),
(1002, 'Gurj123', 'Gurjit', 'Riyat', 07806755632, 'gurj123@gmail.com', TRUE),
(1003, 'Emily123', 'Emily', 'Rajch', 07806775000, 'emily123@gmail.com', TRUE),
(1004, NULL, 'Emily', 'Pearson', 0780677654, 'emily555@gmail.com', FALSE),
(1005, 'Leo2326', 'Leo', 'Davies', 0780677654, 'Leo34@gmail.com', TRUE),
(1006, NULL, 'Eve', 'Isaacs', 0780677654, 'Eve9472@gmail.com', FALSE),
(1007, 'Faisal_55', 'Faisal', 'Barwell', 0780677654, 'Barwell944@gmail.com', TRUE),
(1008, 'Anthony', 'Anthony', 'Timms', 07980677222, 'Anthony@gmail.com', TRUE),
(1009, NULL, 'Sadia', 'Miller', 07980677222, 'S_Miller@gmail.com', FALSE),
(1010, NULL, 'Chloe', 'Chong', 078845677222, 'Chloe_C@gmail.com', FALSE);

CREATE TABLE CUSTOMER_ADDRESS(
CUSTOMER_ID INT NOT NULL,
ADD_LINE_1 VARCHAR (50) NOT NULL,
ADD_LINE_2 VARCHAR (25),
CITY VARCHAR (25),
POSTCODE VARCHAR (25) NOT NULL,
COUNTRY VARCHAR (25),
CONSTRAINT PK_CUSTOMER_ID PRIMARY KEY(CUSTOMER_ID)
);

INSERT INTO CUSTOMER_ADDRESS
(CUSTOMER_ID, ADD_LINE_1, ADD_LINE_2, CITY, POSTCODE, COUNTRY)
VALUES
(1001, '112 DRAGON ROAD', NULL, 'LONDON', 'LN33 455', 'UK'),
(1002, 'FLAT 10', '45 CENTRAL ROAD', 'EDINBURGH', 'EN45 N70', 'UK'),
(1003, '62 COLUMBINE DRIVE', NULL, 'LIVERPOOL', 'LN32 8KJ', 'UK'),
(1004, '88 HARROGATE AVENUE', NULL, 'HARROGATE', 'HG1 5LD', 'UK'),
(1005, '115 SHADWELL LANE', NULL, 'LEEDS', 'LS17 8AN', 'UK'),
(1006, '36 GATELAND AVENUE', NULL, 'LEEDS', 'LS17 8HG', 'UK'),
(1007, '2 ST. WINEFREDS', NULL, 'YORK', 'YO19 3XS', 'UK'),
(1008, 'FLAT 20', '1 PARK AVENUE', 'LONDON', 'W3NH 5FT', 'UK'),
(1009, '45 CHESTNUT DRIVE', NULL, 'LEEDS', 'LS17 4DF', 'UK'),
(1010, '1 WIGTON LANE', NULL, 'LEEDS', 'LS18 9TF', 'UK');

CREATE TABLE CUSTOMER_PAYMENT(
C_PAYMENT_ID INT NOT NULL,
CUSTOMER_ID INT NOT NULL,
C_PAYMENT_TYPE VARCHAR(30) NOT NULL,
C_P_PROVIDER VARCHAR (30) NOT NULL,
C_P_NUMBER VARCHAR (25) NOT NULL,
C_P_EXPIRY VARCHAR (5) NOT NULL,
CONSTRAINT PK_C_PAYMENT_ID PRIMARY KEY(C_PAYMENT_ID)
);


INSERT INTO CUSTOMER_PAYMENT
(C_PAYMENT_ID, CUSTOMER_ID, C_PAYMENT_TYPE, C_P_PROVIDER, C_P_NUMBER, C_P_EXPIRY)
VALUES
(3001, 1001, 'CREDIT', 'VISA', '****5566', '11/22'),
(3002, 1002, 'CREDIT', 'AMEX', '****577', '10/26'),
(3003, 1003, 'DEBIT', 'PAYPAL', '****4433', '07/27'),
(3004, 1004, 'DEBIT', 'PAYPAL', '****8976', '09/24'),
(3005, 1005, 'CREDIT', 'MASTERCARD', '****2234', '02/24'),
(3006, 1006, 'CREDIT', 'VISA', '****4433', '07/27'),
(3007, 1007, 'DEBIT', 'PAYPAL', '****2345', '01/26'),
(3008, 1008, 'PAYPAL', 'PAYPAL', '****5589', '05/27'),
(3009, 1009, 'DEBIT', 'MASTERCARD', '****1234', '03/21'),
(3010, 1010, 'CREDIT', 'PAYPAL', '****5678', '02/23');







