
CREATE TABLE PRODUCT(
PRODUCT_ID INT NOT NULL,
PRODUCT_SKU VARCHAR (25) NOT NULL,
PRODUCT_NAME VARCHAR (50) NOT NULL,
PRODUCT_PRICE FLOAT NOT NULL,
PRODUCT_CAT_ID INT NOT NULL,
PRODUCT_SUPP_ID INT NOT NULL,
PR_CREATED TIMESTAMP,
PR_MODIFIED TIMESTAMP,
CONSTRAINT PK_PRODUCT_ID PRIMARY KEY(PRODUCT_ID)
);


INSERT INTO PRODUCT
(PRODUCT_ID, PRODUCT_SKU, PRODUCT_NAME, PRODUCT_PRICE, PRODUCT_CAT_ID, PRODUCT_SUPP_ID, PR_CREATED, PR_MODIFIED)
VALUES
(1111, 'LITB_ELR', 'LONGER IN THE BODY BODYSUIT', 32.99, 551, 4400, CURRENT_TIMESTAMP, CURRENT_TIMESTAMP),
(1112, 'TSB_ELR', 'TSHIRT BODYSUIT', 34.99, 551, 4400, CURRENT_TIMESTAMP, CURRENT_TIMESTAMP),
(1113, 'LSHNB_ELR', 'LONG SLEEVE HIGH NECK BODYSUIT', 34.99, 551, 4100, CURRENT_TIMESTAMP, CURRENT_TIMESTAMP),
(1114, 'GEOMUL_ELR', 'MULTIWAY GEORGIA BODYSUIT', 50, 551, 4400, CURRENT_TIMESTAMP, CURRENT_TIMESTAMP),
(1115, 'BDY_EXT', 'BODYSUIT EXTENDER', 6.99, 551, 4400, CURRENT_TIMESTAMP, CURRENT_TIMESTAMP),
(1116, 'CB_BAG', 'CROSSBODY HANDBAG', 29.99, 552, 4500, CURRENT_TIMESTAMP, CURRENT_TIMESTAMP),
(1117, 'TT_BAG', 'TOTE HANDBAG', 39.99, 552, 4500, CURRENT_TIMESTAMP, CURRENT_TIMESTAMP),
(1118, 'WBULT_ELR', 'WAIST BUCKLE BELT', 12.99, 553, 4500, CURRENT_TIMESTAMP, CURRENT_TIMESTAMP),
(1119, 'WSBLT_ELR', 'STRAPPY WAIST BELT', 20, 553, 4500, CURRENT_TIMESTAMP, CURRENT_TIMESTAMP);

CREATE TABLE PRODUCT_INVENTORY(
INVENTORY_ID VARCHAR(2) NOT NULL,
PRODUCT_ID INT NOT NULL,
COLOUR VARCHAR (20),
QUANTITY INT NOT NULL,
INV_SUPPLIER_ID INT NOT NULL,
CREATED_AT TIMESTAMP,
MODIFIED_AT TIMESTAMP,
CONSTRAINT PK_INVENTORY_ID PRIMARY KEY(INVENTORY_ID)
);

INSERT INTO PRODUCT_INVENTORY
(INVENTORY_ID, PRODUCT_ID, COLOUR, QUANTITY, INV_SUPPLIER_ID, CREATED_AT, MODIFIED_AT)
VALUES
('AA', 1111, 'BLACK', 470, 4400, CURRENT_TIMESTAMP, CURRENT_TIMESTAMP),
('BB', 1112, 'BLUE', 350, 4400, CURRENT_TIMESTAMP, CURRENT_TIMESTAMP),
('CC', 1113, 'WHITE', 200, 4100, CURRENT_TIMESTAMP, CURRENT_TIMESTAMP),
('DD', 1114, 'ROSE', 40, 4400, CURRENT_TIMESTAMP, CURRENT_TIMESTAMP),
('EE', 1115, 'BLACK', 100, 4400, CURRENT_TIMESTAMP, CURRENT_TIMESTAMP),
('FF', 1116, 'BLACK', 50, 4500, CURRENT_TIMESTAMP, CURRENT_TIMESTAMP),
('GG', 1117, 'BLACK', 36, 4500, CURRENT_TIMESTAMP, CURRENT_TIMESTAMP),
('HH', 1118, 'GREY', 20, 4500, CURRENT_TIMESTAMP, CURRENT_TIMESTAMP),
('II', 1119, 'BLACK', 10, 4500, CURRENT_TIMESTAMP, CURRENT_TIMESTAMP);

CREATE TABLE PRODUCT_SELECTION(
PRODUCT_ID INT NOT NULL,
COLOUR VARCHAR (15) NOT NULL,
CONSTRAINT PK_PR_SELECT_ID PRIMARY KEY(PRODUCT_ID)
);


INSERT INTO PRODUCT_SELECTION
(PRODUCT_ID, COLOUR)
VALUES
(1111, 'BLACK'),
(1112, 'BLUE'),
(1113, 'BLACK'),
(1114, 'ROSE'),
(1115, 'BLACK'),
(1116, 'BLACK'),
(1117, 'BLACK'),
(1118, 'GREY'),
(1119, 'BLACK');




